{
  "": [
    0,
    0
  ],
  "北京首都国际机场": [
    116.584999,
    40.080101
  ],
  "上海浦东国际机场": [
    121.8150900202384,
    31.15747782869679
  ],
  "广州正果国际机场": [
    113.299004,
    23.392401
  ],
  "北京大兴国际机场": [
    116.41092,
    39.509945
  ],
  "上海虹桥国际机场": [
    121.33426,
    31.198104
  ],
  "澳门国际机场": [
    113.592003,
    22.149599
  ],
  "深圳宝安国际机场": [
    113.810997,
    22.639299
  ],
  "长沙黄花国际机场": [
    113.220001,
    28.189199
  ],
  "昆明长水国际机场": [
    102.929167,
    25.101944
  ],
  "揭阳潮汕国际机场": [
    116.5033,
    23.552
  ],
  "杭州萧山国际机场": [
    120.433998,
    30.2295
  ],
  "香港国际机场": [
    113.915001,
    22.308901
  ],
  "重庆江北国际机场": [
    106.641998,
    29.7192
  ],
  "成都天府国际机场": [
    103.946999,
    30.578501
  ],
  "西安咸阳国际机场": [
    108.751999,
    34.447102
  ],
  "长春龙嘉国际机场": [
    125.684998,
    43.996201
  ],
  "南京禄口国际机场": [
    118.862,
    31.742001
  ],
  "合肥新桥国际机场": [
    117.297997,
    31.780001
  ],
  "南昌昌北国际机场": [
    115.900002,
    28.865
  ],
  "郑州新郑国际机场": [
    113.841003,
    34.519699
  ],
  "贵阳龙洞堡国际机场": [
    106.801003,
    26.5385
  ],
  "济南遥墙国际机场": [
    117.216003,
    36.857201
  ],
  "珠海金湾机场": [
    113.375999,
    22.006399
  ],
  "武汉天河国际机场": [
    114.208,
    30.7838
  ],
  "海口美兰国际机场": [
    110.459,
    19.9349
  ],
  "南宁吴圩国际机场": [
    108.171997,
    22.608299
  ],
  "哈尔滨太平国际机场": [
    126.25,
    45.623402
  ],
  "厦门高崎国际机场": [
    118.127998,
    24.544001
  ],
  "福州长乐国际机场": [
    119.663002,
    25.935101
  ],
  "乌鲁木齐地窝堡国际机场": [
    87.474197,
    43.907101
  ],
  "拉萨贡嘎国际机场": [
    90.911903,
    29.2978
  ],
  "三亚凤凰国际机场": [
    109.412003,
    18.3029
  ],
  "沈阳桃仙国际机场": [
    123.483002,
    41.639801
  ],
  "宁波栎社国际机场": [
    121.461998,
    29.8267
  ],
  "兰州中川国际机场": [
    103.62385610563761,
    36.51320289151471
  ],
  "天津滨海国际机场": [
    117.346001,
    39.124401
  ],
  "大连国际机场": [
    121.59155262289676,
    38.98411679912237
  ],
  "银川河东国际机场": [
    106.393214,
    38.322758
  ],
  "遵义新舟机场": [
    107.0007,
    27.5895
  ],
  "台北桃园国际机场": [
    121.233002,
    25.0777
  ],
  "呼和浩特白塔国际机场": [
    111.823997,
    40.851398
  ],
  "石家庄正定国际机场": [
    114.696999,
    38.280701
  ],
  "十堰武当山机场": [
    110.907778,
    32.591667
  ],
  "桂林两江国际机场": [
    110.039001,
    25.2181
  ],
  "泉州晋江国际机场": [
    118.589996,
    24.7964
  ],
  "青岛流亭国际机场": [
    120.374001,
    36.266102
  ],
  "海拉尔东山机场": [
    119.824997,
    49.205002
  ],
  "烟台蓬莱国际机场": [
    120.987222,
    37.657222
  ],
  "高雄国际机场": [
    120.349998,
    22.577101
  ],
  "常州奔牛国际机场": [
    119.778999,
    31.919701
  ],
  "太原武宿国际机场": [
    112.627998,
    37.746899
  ],
  "无锡硕放国际机场": [
    120.429001,
    31.4944
  ],
  "淮安涟水机场": [
    119.125,
    33.790833
  ],
  "温州龙湾国际机场": [
    120.851997,
    27.912201
  ],
  "北京南苑机场": [
    116.388,
    39.782799
  ],
  "台州路桥机场": [
    121.429001,
    28.562201
  ],
  "邵阳武冈机场": [
    110.642,
    26.802
  ],
  "南通兴东机场": [
    120.975998,
    32.070801
  ],
  "丽江三义机场": [
    100.246002,
    26.68
  ],
  "衡阳南岳机场": [
    112.627998,
    26.9053
  ],
  "宜宾五粮液机场": [
    104.545,
    28.800556
  ],
  "大理机场": [
    100.319,
    25.649401
  ],
  "巴中恩阳机场": [
    106.644872,
    31.73842
  ],
  "张家界荷花机场": [
    110.443001,
    29.1028
  ],
  "松原查干湖机场": [
    124.550178,
    44.938114
  ],
  "台北松山国际机场": [
    121.552002,
    25.069401
  ],
  "西宁曹家堡机场": [
    102.042999,
    36.5275
  ],
  "北海福成机场": [
    109.293999,
    21.5394
  ],
  "徐州观音国际机场": [
    117.555278,
    34.059056
  ],
  "绵阳南郊机场": [
    104.740997,
    31.428101
  ],
  "黄山屯溪国际机场": [
    118.255997,
    29.733299
  ],
  "西双版纳嘎洒机场": [
    100.760002,
    21.9739
  ],
  "襄阳刘集机场": [
    112.291,
    32.1506
  ],
  "威海大水泊机场": [
    122.228996,
    37.187099
  ],
  "赣州黄金机场": [
    114.778889,
    25.853333
  ],
  "敦煌机场": [
    94.809196,
    40.161098
  ],
  "惠州平潭机场": [
    114.599998,
    23.049999
  ],
  "宜昌三峡机场": [
    111.479988,
    30.55655
  ],
  "鄂尔多斯伊金霍洛机场": [
    109.861389,
    39.49
  ],
  "南阳姜营机场": [
    112.614998,
    32.980801
  ],
  "阿坝红原机场": [
    102.35224,
    32.53154
  ],
  "湛江国际机场": [
    110.358002,
    21.214399
  ],
  "九寨黄龙机场": [
    103.682222,
    32.853333
  ],
  "台中清泉岗机场": [
    120.621002,
    24.2647
  ],
  "鞍山腾鳌机场": [
    122.853996,
    41.105301
  ],
  "大庆萨尔图机场": [
    125.140556,
    46.746389
  ],
  "包头二里半机场": [
    109.997002,
    40.560001
  ],
  "济宁曲阜机场": [
    116.346667,
    35.292778
  ],
  "连云港白塔埠机场": [
    118.873611,
    34.571667
  ],
  "南竿机场": [
    119.958,
    26.1598
  ],
  "汉中城固机场": [
    107.206014,
    33.134136
  ],
  "井冈山机场": [
    114.737,
    26.856899
  ],
  "临汾乔李机场": [
    111.496667,
    36.043056
  ],
  "苏州光福机场": [
    120.401001,
    31.2631
  ],
  "舟山普陀山机场": [
    122.362,
    29.9342
  ],
  "临沂沭埠岭机场": [
    118.412003,
    35.046101
  ],
  "广汉机场": [
    104.3296,
    30.9485
  ],
  "东营胜利机场": [
    118.788002,
    37.508598
  ],
  "洛阳北郊机场": [
    112.388,
    34.7411
  ],
  "上饶三清山机场": [
    117.9643,
    28.3797
  ],
  "万州五桥机场": [
    108.433,
    30.8017
  ],
  "梅县长岗岌机场": [
    116.097857,
    24.263425
  ],
  "宜春明月山机场": [
    114.3062,
    27.8025
  ],
  "恩施许家坪机场": [
    109.485001,
    30.320299
  ],
  "池州九华山机场": [
    117.6856,
    30.7403
  ],
  "福建龙岩冠豸山机场": [
    116.747002,
    25.6747
  ],
  "阜阳西关机场": [
    115.734364,
    32.882157
  ],
  "神农架红坪机场": [
    114.2777870319553,
    30.59834791382835
  ],
  "南充高坪机场": [
    106.1626,
    30.79545
  ],
  "柳州白莲机场": [
    109.390999,
    24.2075
  ],
  "二连浩特赛乌苏国际机场": [
    112.096667,
    43.4225
  ],
  "长治王村机场": [
    113.125999,
    36.247501
  ],
  "马公机场": [
    119.627998,
    23.568701
  ],
  "常德桃花源机场": [
    111.639999,
    28.9189
  ],
  "锦州湾机场": [
    121.277114,
    40.936032
  ],
  "兴义万峰林机场": [
    104.959444,
    25.086389
  ],
  "广元盘龙机场": [
    105.702003,
    32.391102
  ],
  "长白山机场": [
    127.602222,
    42.066944
  ],
  "林芝米林机场": [
    94.335297,
    29.303301
  ],
  "邯郸机场": [
    114.425556,
    36.525833
  ],
  "百色巴马机场": [
    106.959999,
    23.7206
  ],
  "齐齐哈尔三家子机场": [
    123.917999,
    47.239601
  ],
  "喀什机场": [
    76.019997,
    39.5429
  ],
  "克拉玛依机场": [
    84.9527,
    45.46655
  ],
  "赤峰玉龙机场": [
    118.907997,
    42.235001
  ],
  "和田机场": [
    79.864899,
    37.038502
  ],
  "牡丹江海浪机场": [
    129.569,
    44.524101
  ],
  "昭通机场": [
    103.754997,
    27.3256
  ],
  "怀化芷江机场": [
    109.7,
    27.441111
  ],
  "金昌金川机场": [
    102.348333,
    38.542222
  ],
  "攀枝花保安营机场": [
    101.80221702582931,
    26.540995041584043
  ],
  "大连长海机场": [
    122.67854594761785,
    39.27340910815618
  ],
  "佛山沙堤机场": [
    113.08253889578381,
    23.086693719277612
  ],
  "景德镇罗家机场": [
    117.176003,
    29.3386
  ],
  "花莲机场": [
    121.617996,
    24.0231
  ],
  "库尔勒机场": [
    86.128899,
    41.6978
  ],
  "佳木斯东郊机场": [
    130.464996,
    46.843399
  ],
  "昌都邦达机场": [
    97.108299,
    30.5536
  ],
  "台南机场": [
    120.206001,
    22.950399
  ],
  "唐山三女河机场": [
    118.002625,
    39.7178
  ],
  "达州河市机场": [
    107.4295,
    31.1302
  ],
  "丹东浪头国际机场": [
    124.286003,
    40.0247
  ],
  "金门尚义机场": [
    118.359001,
    24.4279
  ],
  "西昌青山机场": [
    102.19810358767621,
    27.981971472252855
  ],
  "安康机场": [
    108.88734599891843,
    32.756154132892874
  ],
  "芒市机场": [
    98.53889939231536,
    24.40537386480447
  ],
  "黎平机场": [
    109.1499,
    26.32217
  ],
  "嘉峪关机场": [
    98.3414,
    39.856899
  ],
  "阿克苏机场": [
    80.291702,
    41.262501
  ],
  "迪庆香格里拉机场": [
    99.6772,
    27.7936
  ],
  "武夷山机场": [
    118.000999,
    27.7019
  ],
  "塔什干国际机场": [
    121.101997,
    22.754999
  ],
  "安顺黄果树机场": [
    105.883137749493,
    26.25973320374048
  ],
  "腾冲驼峰机场": [
    98.485833,
    24.938056
  ],
  "泸州蓝田机场": [
    105.392998,
    28.8522
  ],
  "大同机场": [
    113.482002,
    40.060299
  ],
  "阿里昆莎机场": [
    80.053056,
    32.1
  ],
  "荆州沙市机场": [
    112.279861,
    30.324289
  ],
  "望安机场": [
    119.503598,
    23.369108
  ],
  "潍坊机场": [
    119.119003,
    36.646702
  ],